state_fips,county_fips,econdep
01,001,Manufacturing
01,003,Service
01,005,Manufacturing
01,007,Nonspecialized
01,009,Nonspecialized
01,011,Farming
01,013,Nonspecialized
01,015,Government
01,017,Manufacturing
01,019,Nonspecialized
01,021,Nonspecialized
01,023,Manufacturing
01,025,Manufacturing
01,027,Manufacturing
01,029,Manufacturing
01,031,Manufacturing
01,033,Government
01,035,Nonspecialized
01,037,Manufacturing
01,039,Nonspecialized
01,041,Farming
01,043,Nonspecialized
01,045,Government
01,047,Manufacturing
01,049,Manufacturing
01,051,Nonspecialized
01,053,Manufacturing
01,055,Manufacturing
01,057,Manufacturing
01,059,Manufacturing
01,061,Farming
01,063,Nonspecialized
01,065,Manufacturing
01,067,Manufacturing
01,069,Nonspecialized
01,071,Manufacturing
01,073,Service
01,075,Manufacturing
01,077,Nonspecialized
01,079,Manufacturing
01,081,Government
01,083,Manufacturing
01,085,Manufacturing
01,087,Government
01,089,Government
01,091,Manufacturing
01,093,Manufacturing
01,095,Manufacturing
01,097,Nonspecialized
01,099,Manufacturing
01,101,Government
01,103,Manufacturing
01,105,Manufacturing
01,107,Nonspecialized
01,109,Nonspecialized
01,111,Manufacturing
01,113,Manufacturing
01,115,Nonspecialized
01,117,Nonspecialized
01,119,Nonspecialized
01,121,Manufacturing
01,123,Manufacturing
01,125,Nonspecialized
01,127,Nonspecialized
01,129,Manufacturing
01,131,Manufacturing
01,133,Manufacturing
02,013,Manufacturing
02,016,Manufacturing
02,020,Government
02,050,Nonspecialized
02,060,Nonspecialized
02,068,Government
02,070,Nonspecialized
02,090,Government
02,100,Nonspecialized
02,110,Government
02,122,Nonspecialized
02,130,Government
02,150,Government
02,164,Manufacturing
02,170,Nonspecialized
02,180,Nonspecialized
02,185,Mining
02,188,Mining
02,201,Nonspecialized
02,220,Government
02,232,Government
02,240,Government
02,261,Nonspecialized
02,270,Nonspecialized
02,280,Nonspecialized
02,282,Manufacturing
02,290,Government
04,001,Government
04,003,Government
04,005,Government
04,007,Nonspecialized
04,009,Government
04,011,Mining
04,012,Nonspecialized
04,013,Service
04,015,Service
04,017,Nonspecialized
04,019,Service
04,021,Nonspecialized
04,023,Government
04,025,Service
04,027,Government
05,001,Manufacturing
05,003,Manufacturing
05,005,Manufacturing
05,007,Service
05,009,Nonspecialized
05,011,Manufacturing
05,013,Manufacturing
05,015,Manufacturing
05,017,Farming
05,019,Manufacturing
05,021,Manufacturing
05,023,Manufacturing
05,025,Farming
05,027,Manufacturing
05,029,Nonspecialized
05,031,Nonspecialized
05,033,Nonspecialized
05,035,Nonspecialized
05,037,Nonspecialized
05,039,Manufacturing
05,041,Manufacturing
05,043,Manufacturing
05,045,Nonspecialized
05,047,Farming
05,049,Nonspecialized
05,051,Service
05,053,Manufacturing
05,055,Manufacturing
05,057,Manufacturing
05,059,Manufacturing
05,061,Farming
05,063,Manufacturing
05,065,Government
05,067,Nonspecialized
05,069,Government
05,071,Manufacturing
05,073,Farming
05,075,Nonspecialized
05,077,Farming
05,079,Farming
05,081,Manufacturing
05,083,Manufacturing
05,085,Nonspecialized
05,087,Farming
05,089,Manufacturing
05,091,Manufacturing
05,093,Manufacturing
05,095,Nonspecialized
05,097,Farming
05,099,Farming
05,101,Government
05,103,Manufacturing
05,105,Farming
05,107,Nonspecialized
05,109,Farming
05,111,Manufacturing
05,113,Farming
05,115,Nonspecialized
05,117,Farming
05,119,Government
05,121,Manufacturing
05,123,Nonspecialized
05,125,Nonspecialized
05,127,Farming
05,129,Nonspecialized
05,131,Manufacturing
05,133,Farming
05,135,Nonspecialized
05,137,Nonspecialized
05,139,Manufacturing
05,141,Nonspecialized
05,143,Nonspecialized
05,145,Service
05,147,Farming
05,149,Manufacturing
06,001,Nonspecialized
06,003,Service
06,005,Nonspecialized
06,007,Service
06,009,Nonspecialized
06,011,Farming
06,013,Service
06,015,Government
06,017,Service
06,019,Nonspecialized
06,021,Farming
06,023,Nonspecialized
06,025,Farming
06,027,Nonspecialized
06,029,Nonspecialized
06,031,Government
06,033,Service
06,035,Government
06,037,Service
06,039,Nonspecialized
06,041,Service
06,043,Government
06,045,Nonspecialized
06,047,Nonspecialized
06,049,Farming
06,051,Service
06,053,Nonspecialized
06,055,Nonspecialized
06,057,Service
06,059,Service
06,061,Service
06,063,Nonspecialized
06,065,Nonspecialized
06,067,Government
06,069,Nonspecialized
06,071,Nonspecialized
06,073,Service
06,075,Service
06,077,Nonspecialized
06,079,Nonspecialized
06,081,Service
06,083,Service
06,085,Manufacturing
06,087,Service
06,089,Service
06,091,Manufacturing
06,093,Nonspecialized
06,095,Government
06,097,Nonspecialized
06,099,Nonspecialized
06,101,Nonspecialized
06,103,Nonspecialized
06,105,Nonspecialized
06,107,Farming
06,109,Nonspecialized
06,111,Nonspecialized
06,113,Government
06,115,Government
08,001,Nonspecialized
08,003,Government
08,005,Service
08,007,Service
08,009,Farming
08,011,Farming
08,013,Service
08,014,Service
08,015,Government
08,017,Farming
08,019,Mining
08,021,Nonspecialized
08,023,Farming
08,025,Farming
08,027,Nonspecialized
08,029,Nonspecialized
08,031,Service
08,033,Nonspecialized
08,035,Service
08,037,Service
08,039,Nonspecialized
08,041,Government
08,043,Government
08,045,Service
08,047,Service
08,049,Service
08,051,Service
08,053,Service
08,055,Service
08,057,Farming
08,059,Service
08,061,Farming
08,063,Farming
08,065,Nonspecialized
08,067,Service
08,069,Nonspecialized
08,071,Nonspecialized
08,073,Government
08,075,Nonspecialized
08,077,Service
08,079,Service
08,081,Mining
08,083,Nonspecialized
08,085,Nonspecialized
08,087,Nonspecialized
08,089,Nonspecialized
08,091,Service
08,093,Nonspecialized
08,095,Farming
08,097,Service
08,099,Farming
08,101,Service
08,103,Mining
08,105,Farming
08,107,Service
08,109,Farming
08,111,Service
08,113,Service
08,115,Farming
08,117,Service
08,119,Service
08,121,Farming
08,123,Nonspecialized
08,125,Farming
09,001,Service
09,003,Service
09,005,Manufacturing
09,007,Service
09,009,Service
09,011,Nonspecialized
09,013,Government
09,015,Manufacturing
10,001,Government
10,003,Service
10,005,Service
11,001,Government
12,001,Government
12,003,Government
12,005,Government
12,007,Government
12,009,Service
12,011,Service
12,013,Government
12,015,Service
12,017,Service
12,019,Service
12,021,Service
12,023,Government
12,027,Farming
12,029,Government
12,031,Service
12,033,Government
12,035,Service
12,037,Service
12,039,Government
12,041,Farming
12,043,Farming
12,045,Government
12,047,Manufacturing
12,049,Farming
12,051,Farming
12,053,Service
12,055,Nonspecialized
12,057,Service
12,059,Government
12,061,Service
12,063,Government
12,065,Government
12,067,Farming
12,069,Service
12,071,Service
12,073,Government
12,075,Nonspecialized
12,077,Government
12,079,Nonspecialized
12,081,Service
12,083,Service
12,085,Service
12,086,Service
12,087,Service
12,089,Nonspecialized
12,091,Government
12,093,Farming
12,095,Service
12,097,Service
12,099,Service
12,101,Service
12,103,Service
12,105,Service
12,107,Nonspecialized
12,109,Service
12,111,Service
12,113,Government
12,115,Service
12,117,Service
12,119,Government
12,121,Nonspecialized
12,123,Manufacturing
12,125,Government
12,127,Service
12,129,Manufacturing
12,131,Service
12,133,Government
13,001,Nonspecialized
13,003,Farming
13,005,Manufacturing
13,007,Farming
13,009,Government
13,011,Farming
13,013,Manufacturing
13,015,Manufacturing
13,017,Manufacturing
13,019,Manufacturing
13,021,Service
13,023,Manufacturing
13,025,Nonspecialized
13,027,Farming
13,029,Nonspecialized
13,031,Government
13,033,Nonspecialized
13,035,Nonspecialized
13,037,Farming
13,039,Government
13,043,Nonspecialized
13,045,Manufacturing
13,047,Manufacturing
13,049,Nonspecialized
13,051,Nonspecialized
13,053,Government
13,055,Manufacturing
13,057,Nonspecialized
13,059,Government
13,061,Farming
13,063,Nonspecialized
13,065,Manufacturing
13,067,Service
13,069,Manufacturing
13,071,Nonspecialized
13,073,Service
13,075,Manufacturing
13,077,Manufacturing
13,079,Nonspecialized
13,081,Nonspecialized
13,083,Manufacturing
13,085,Nonspecialized
13,087,Manufacturing
13,089,Service
13,091,Government
13,093,Manufacturing
13,095,Nonspecialized
13,097,Service
13,099,Manufacturing
13,101,Farming
13,103,Manufacturing
13,105,Manufacturing
13,107,Manufacturing
13,109,Manufacturing
13,111,Service
13,113,Nonspecialized
13,115,Manufacturing
13,117,Nonspecialized
13,119,Farming
13,121,Service
13,123,Manufacturing
13,125,Mining
13,127,Nonspecialized
13,129,Manufacturing
13,131,Nonspecialized
13,133,Manufacturing
13,135,Nonspecialized
13,137,Manufacturing
13,139,Manufacturing
13,141,Government
13,143,Manufacturing
13,145,Service
13,147,Manufacturing
13,149,Manufacturing
13,151,Nonspecialized
13,153,Government
13,155,Nonspecialized
13,157,Farming
13,159,Manufacturing
13,161,Manufacturing
13,163,Manufacturing
13,165,Manufacturing
13,167,Government
13,169,Nonspecialized
13,171,Manufacturing
13,173,Nonspecialized
13,175,Manufacturing
13,177,Nonspecialized
13,179,Government
13,181,Manufacturing
13,183,Nonspecialized
13,185,Government
13,187,Government
13,189,Manufacturing
13,191,Nonspecialized
13,193,Farming
13,195,Farming
13,197,Manufacturing
13,199,Manufacturing
13,201,Farming
13,205,Farming
13,207,Nonspecialized
13,209,Nonspecialized
13,211,Manufacturing
13,213,Manufacturing
13,215,Government
13,217,Manufacturing
13,219,Nonspecialized
13,221,Farming
13,223,Nonspecialized
13,225,Manufacturing
13,227,Nonspecialized
13,229,Nonspecialized
13,231,Nonspecialized
13,233,Manufacturing
13,235,Nonspecialized
13,237,Manufacturing
13,239,Nonspecialized
13,241,Manufacturing
13,243,Nonspecialized
13,245,Government
13,247,Nonspecialized
13,249,Manufacturing
13,251,Manufacturing
13,253,Farming
13,255,Manufacturing
13,257,Manufacturing
13,259,Manufacturing
13,261,Manufacturing
13,263,Mining
13,265,Farming
13,267,Farming
13,269,Farming
13,271,Manufacturing
13,273,Nonspecialized
13,275,Nonspecialized
13,277,Nonspecialized
13,279,Nonspecialized
13,281,Service
13,283,Nonspecialized
13,285,Manufacturing
13,287,Farming
13,289,Mining
13,291,Nonspecialized
13,293,Manufacturing
13,295,Manufacturing
13,297,Nonspecialized
13,299,Nonspecialized
13,301,Manufacturing
13,303,Mining
13,305,Manufacturing
13,307,Farming
13,309,Farming
13,311,Nonspecialized
13,313,Manufacturing
13,315,Farming
13,317,Manufacturing
13,319,Manufacturing
13,321,Farming
15,001,Government
15,003,Government
15,005,Service
15,007,Service
15,009,Service
16,001,Nonspecialized
16,003,Government
16,005,Government
16,007,Nonspecialized
16,009,Manufacturing
16,011,Nonspecialized
16,013,Service
16,015,Government
16,017,Nonspecialized
16,019,Service
16,021,Nonspecialized
16,023,Farming
16,025,Farming
16,027,Manufacturing
16,029,Manufacturing
16,031,Farming
16,033,Farming
16,035,Government
16,037,Mining
16,039,Government
16,041,Farming
16,043,Farming
16,045,Nonspecialized
16,047,Farming
16,049,Government
16,051,Farming
16,053,Farming
16,055,Nonspecialized
16,057,Government
16,059,Government
16,061,Nonspecialized
16,063,Farming
16,065,Service
16,067,Farming
16,069,Manufacturing
16,071,Nonspecialized
16,073,Farming
16,075,Nonspecialized
16,077,Farming
16,079,Mining
16,081,Nonspecialized
16,083,Nonspecialized
16,085,Government
16,087,Nonspecialized
17,001,Manufacturing
17,003,Nonspecialized
17,005,Government
17,007,Manufacturing
17,009,Government
17,011,Nonspecialized
17,013,Farming
17,015,Nonspecialized
17,017,Manufacturing
17,019,Government
17,021,Nonspecialized
17,023,Manufacturing
17,025,Manufacturing
17,027,Nonspecialized
17,029,Nonspecialized
17,031,Service
17,033,Manufacturing
17,035,Nonspecialized
17,037,Government
17,039,Nonspecialized
17,041,Manufacturing
17,043,Service
17,045,Farming
17,047,Manufacturing
17,049,Manufacturing
17,051,Nonspecialized
17,053,Nonspecialized
17,055,Nonspecialized
17,057,Nonspecialized
17,059,Mining
17,061,Nonspecialized
17,063,Nonspecialized
17,065,Nonspecialized
17,067,Manufacturing
17,069,Mining
17,071,Nonspecialized
17,073,Nonspecialized
17,075,Nonspecialized
17,077,Government
17,079,Nonspecialized
17,081,Nonspecialized
17,083,Service
17,085,Manufacturing
17,087,Government
17,089,Nonspecialized
17,091,Nonspecialized
17,093,Manufacturing
17,095,Nonspecialized
17,097,Nonspecialized
17,099,Nonspecialized
17,101,Mining
17,103,Manufacturing
17,105,Manufacturing
17,107,Government
17,109,Government
17,111,Manufacturing
17,113,Service
17,115,Manufacturing
17,117,Nonspecialized
17,119,Manufacturing
17,121,Manufacturing
17,123,Manufacturing
17,125,Nonspecialized
17,127,Nonspecialized
17,129,Nonspecialized
17,131,Nonspecialized
17,133,Nonspecialized
17,135,Nonspecialized
17,137,Manufacturing
17,139,Manufacturing
17,141,Manufacturing
17,143,Service
17,145,Manufacturing
17,147,Nonspecialized
17,149,Nonspecialized
17,151,Government
17,153,Nonspecialized
17,155,Manufacturing
17,157,Nonspecialized
17,159,Nonspecialized
17,161,Nonspecialized
17,163,Government
17,165,Mining
17,167,Government
17,169,Nonspecialized
17,171,Nonspecialized
17,173,Nonspecialized
17,175,Farming
17,177,Manufacturing
17,179,Manufacturing
17,181,Government
17,183,Manufacturing
17,185,Mining
17,187,Manufacturing
17,189,Manufacturing
17,191,Manufacturing
17,193,Mining
17,195,Manufacturing
17,197,Nonspecialized
17,199,Government
17,201,Manufacturing
17,203,Manufacturing
18,001,Manufacturing
18,003,Manufacturing
18,005,Manufacturing
18,007,Nonspecialized
18,009,Manufacturing
18,011,Nonspecialized
18,013,Service
18,015,Manufacturing
18,017,Manufacturing
18,019,Nonspecialized
18,021,Manufacturing
18,023,Manufacturing
18,025,Nonspecialized
18,027,Nonspecialized
18,029,Nonspecialized
18,031,Manufacturing
18,033,Manufacturing
18,035,Manufacturing
18,037,Manufacturing
18,039,Manufacturing
18,041,Manufacturing
18,043,Manufacturing
18,045,Manufacturing
18,047,Nonspecialized
18,049,Manufacturing
18,051,Manufacturing
18,053,Manufacturing
18,055,Mining
18,057,Service
18,059,Manufacturing
18,061,Manufacturing
18,063,Nonspecialized
18,065,Manufacturing
18,067,Manufacturing
18,069,Manufacturing
18,071,Manufacturing
18,073,Nonspecialized
18,075,Manufacturing
18,077,Manufacturing
18,079,Manufacturing
18,081,Service
18,083,Nonspecialized
18,085,Manufacturing
18,087,Manufacturing
18,089,Manufacturing
18,091,Manufacturing
18,093,Manufacturing
18,095,Manufacturing
18,097,Nonspecialized
18,099,Manufacturing
18,101,Government
18,103,Manufacturing
18,105,Government
18,107,Manufacturing
18,109,Nonspecialized
18,111,Manufacturing
18,113,Manufacturing
18,115,Service
18,117,Manufacturing
18,119,Manufacturing
18,121,Government
18,123,Manufacturing
18,125,Mining
18,127,Manufacturing
18,129,Manufacturing
18,131,Manufacturing
18,133,Manufacturing
18,135,Manufacturing
18,137,Manufacturing
18,139,Manufacturing
18,141,Service
18,143,Manufacturing
18,145,Manufacturing
18,147,Manufacturing
18,149,Manufacturing
18,151,Manufacturing
18,153,Government
18,155,Manufacturing
18,157,Manufacturing
18,159,Manufacturing
18,161,Nonspecialized
18,163,Service
18,165,Manufacturing
18,167,Nonspecialized
18,169,Manufacturing
18,171,Nonspecialized
18,173,Manufacturing
18,175,Manufacturing
18,177,Manufacturing
18,179,Manufacturing
18,181,Manufacturing
18,183,Manufacturing
19,001,Nonspecialized
19,003,Nonspecialized
19,005,Nonspecialized
19,007,Manufacturing
19,009,Farming
19,011,Nonspecialized
19,013,Manufacturing
19,015,Nonspecialized
19,017,Nonspecialized
19,019,Nonspecialized
19,021,Manufacturing
19,023,Farming
19,025,Nonspecialized
19,027,Nonspecialized
19,029,Nonspecialized
19,031,Nonspecialized
19,033,Service
19,035,Nonspecialized
19,037,Manufacturing
19,039,Manufacturing
19,041,Nonspecialized
19,043,Nonspecialized
19,045,Manufacturing
19,047,Manufacturing
19,049,Nonspecialized
19,051,Nonspecialized
19,053,Nonspecialized
19,055,Nonspecialized
19,057,Manufacturing
19,059,Manufacturing
19,061,Manufacturing
19,063,Nonspecialized
19,065,Farming
19,067,Nonspecialized
19,069,Nonspecialized
19,071,Manufacturing
19,073,Nonspecialized
19,075,Farming
19,077,Nonspecialized
19,079,Manufacturing
19,081,Manufacturing
19,083,Nonspecialized
19,085,Nonspecialized
19,087,Manufacturing
19,089,Manufacturing
19,091,Manufacturing
19,093,Manufacturing
19,095,Manufacturing
19,097,Nonspecialized
19,099,Manufacturing
19,101,Nonspecialized
19,103,Government
19,105,Nonspecialized
19,107,Nonspecialized
19,109,Nonspecialized
19,111,Manufacturing
19,113,Manufacturing
19,115,Manufacturing
19,117,Service
19,119,Farming
19,121,Nonspecialized
19,123,Nonspecialized
19,125,Manufacturing
19,127,Manufacturing
19,129,Government
19,131,Farming
19,133,Nonspecialized
19,135,Manufacturing
19,137,Nonspecialized
19,139,Manufacturing
19,141,Nonspecialized
19,143,Farming
19,145,Nonspecialized
19,147,Farming
19,149,Manufacturing
19,151,Farming
19,153,Service
19,155,Service
19,157,Nonspecialized
19,159,Farming
19,161,Farming
19,163,Nonspecialized
19,165,Nonspecialized
19,167,Manufacturing
19,169,Government
19,171,Nonspecialized
19,173,Farming
19,175,Manufacturing
19,177,Manufacturing
19,179,Nonspecialized
19,181,Nonspecialized
19,183,Nonspecialized
19,185,Nonspecialized
19,187,Nonspecialized
19,189,Manufacturing
19,191,Nonspecialized
19,193,Service
19,195,Farming
19,197,Manufacturing
20,001,Manufacturing
20,003,Nonspecialized
20,005,Manufacturing
20,007,Nonspecialized
20,009,Nonspecialized
20,011,Nonspecialized
20,013,Nonspecialized
20,015,Nonspecialized
20,017,Farming
20,019,Nonspecialized
20,021,Manufacturing
20,023,Farming
20,025,Farming
20,027,Nonspecialized
20,029,Nonspecialized
20,031,Nonspecialized
20,033,Farming
20,035,Manufacturing
20,037,Nonspecialized
20,039,Farming
20,041,Nonspecialized
20,043,Manufacturing
20,045,Government
20,047,Farming
20,049,Nonspecialized
20,051,Service
20,053,Nonspecialized
20,055,Manufacturing
20,057,Manufacturing
20,059,Service
20,061,Government
20,063,Farming
20,065,Farming
20,067,Mining
20,069,Farming
20,071,Farming
20,073,Nonspecialized
20,075,Farming
20,077,Nonspecialized
20,079,Manufacturing
20,081,Farming
20,083,Farming
20,085,Service
20,087,Nonspecialized
20,089,Farming
20,091,Service
20,093,Farming
20,095,Nonspecialized
20,097,Farming
20,099,Manufacturing
20,101,Farming
20,103,Government
20,105,Farming
20,107,Nonspecialized
20,109,Nonspecialized
20,111,Manufacturing
20,113,Manufacturing
20,115,Nonspecialized
20,117,Nonspecialized
20,119,Farming
20,121,Nonspecialized
20,123,Nonspecialized
20,125,Manufacturing
20,127,Nonspecialized
20,129,Nonspecialized
20,131,Nonspecialized
20,133,Manufacturing
20,135,Farming
20,137,Government
20,139,Nonspecialized
20,141,Nonspecialized
20,143,Nonspecialized
20,145,Government
20,147,Nonspecialized
20,149,Nonspecialized
20,151,Nonspecialized
20,153,Farming
20,155,Nonspecialized
20,157,Farming
20,159,Nonspecialized
20,161,Government
20,163,Nonspecialized
20,165,Manufacturing
20,167,Nonspecialized
20,169,Nonspecialized
20,171,Farming
20,173,Manufacturing
20,175,Nonspecialized
20,177,Government
20,179,Farming
20,181,Farming
20,183,Farming
20,185,Farming
20,187,Farming
20,189,Farming
20,191,Nonspecialized
20,193,Farming
20,195,Farming
20,197,Nonspecialized
20,199,Farming
20,201,Farming
20,203,Farming
20,205,Manufacturing
20,207,Nonspecialized
20,209,Nonspecialized
21,001,Service
21,003,Manufacturing
21,005,Manufacturing
21,007,Manufacturing
21,009,Manufacturing
21,011,Nonspecialized
21,013,Nonspecialized
21,015,Nonspecialized
21,017,Farming
21,019,Nonspecialized
21,021,Manufacturing
21,023,Nonspecialized
21,025,Government
21,027,Nonspecialized
21,029,Manufacturing
21,031,Manufacturing
21,033,Nonspecialized
21,035,Nonspecialized
21,037,Nonspecialized
21,039,Farming
21,041,Manufacturing
21,043,Nonspecialized
21,045,Nonspecialized
21,047,Government
21,049,Manufacturing
21,051,Government
21,053,Manufacturing
21,055,Manufacturing
21,057,Nonspecialized
21,059,Nonspecialized
21,061,Government
21,063,Nonspecialized
21,065,Nonspecialized
21,067,Nonspecialized
21,069,Nonspecialized
21,071,Mining
21,073,Government
21,075,Manufacturing
21,077,Manufacturing
21,079,Nonspecialized
21,081,Nonspecialized
21,083,Manufacturing
21,085,Manufacturing
21,087,Nonspecialized
21,089,Nonspecialized
21,091,Manufacturing
21,093,Government
21,095,Mining
21,097,Manufacturing
21,099,Manufacturing
21,101,Manufacturing
21,103,Manufacturing
21,105,Farming
21,107,Nonspecialized
21,109,Manufacturing
21,111,Service
21,113,Nonspecialized
21,115,Nonspecialized
21,117,Service
21,119,Mining
21,121,Nonspecialized
21,123,Nonspecialized
21,125,Nonspecialized
21,127,Nonspecialized
21,129,Nonspecialized
21,131,Mining
21,133,Mining
21,135,Nonspecialized
21,137,Nonspecialized
21,139,Mining
21,141,Manufacturing
21,143,Government
21,145,Service
21,147,Nonspecialized
21,149,Farming
21,151,Manufacturing
21,153,Nonspecialized
21,155,Manufacturing
21,157,Manufacturing
21,159,Mining
21,161,Manufacturing
21,163,Nonspecialized
21,165,Government
21,167,Manufacturing
21,169,Manufacturing
21,171,Manufacturing
21,173,Manufacturing
21,175,Government
21,177,Government
21,179,Manufacturing
21,181,Manufacturing
21,183,Manufacturing
21,185,Nonspecialized
21,187,Nonspecialized
21,189,Nonspecialized
21,191,Mining
21,193,Mining
21,195,Mining
21,197,Manufacturing
21,199,Nonspecialized
21,201,Government
21,203,Nonspecialized
21,205,Government
21,207,Nonspecialized
21,209,Manufacturing
21,211,Manufacturing
21,213,Manufacturing
21,215,Nonspecialized
21,217,Nonspecialized
21,219,Farming
21,221,Manufacturing
21,223,Nonspecialized
21,225,Mining
21,227,Manufacturing
21,229,Manufacturing
21,231,Manufacturing
21,233,Farming
21,235,Nonspecialized
21,237,Nonspecialized
21,239,Farming
22,001,Nonspecialized
22,003,Government
22,005,Manufacturing
22,007,Manufacturing
22,009,Nonspecialized
22,011,Manufacturing
22,013,Manufacturing
22,015,Government
22,017,Nonspecialized
22,019,Nonspecialized
22,021,Nonspecialized
22,023,Nonspecialized
22,025,Farming
22,027,Government
22,029,Nonspecialized
22,031,Mining
22,033,Nonspecialized
22,035,Farming
22,037,Government
22,039,Nonspecialized
22,041,Nonspecialized
22,043,Manufacturing
22,045,Mining
22,047,Manufacturing
22,049,Manufacturing
22,051,Service
22,053,Nonspecialized
22,055,Mining
22,057,Nonspecialized
22,059,Nonspecialized
22,061,Government
22,063,Nonspecialized
22,065,Nonspecialized
22,067,Nonspecialized
22,069,Nonspecialized
22,071,Government
22,073,Service
22,075,Mining
22,077,Nonspecialized
22,079,Government
22,081,Nonspecialized
22,083,Nonspecialized
22,085,Manufacturing
22,087,Nonspecialized
22,089,Manufacturing
22,091,Farming
22,093,Manufacturing
22,095,Manufacturing
22,097,Nonspecialized
22,099,Manufacturing
22,101,Mining
22,103,Service
22,105,Nonspecialized
22,107,Farming
22,109,Mining
22,111,Manufacturing
22,113,Mining
22,115,Government
22,117,Nonspecialized
22,119,Manufacturing
22,121,Manufacturing
22,123,Nonspecialized
22,125,Government
22,127,Manufacturing
23,001,Service
23,003,Nonspecialized
23,005,Service
23,007,Manufacturing
23,009,Service
23,011,Government
23,013,Service
23,015,Service
23,017,Manufacturing
23,019,Nonspecialized
23,021,Manufacturing
23,023,Manufacturing
23,025,Manufacturing
23,027,Service
23,029,Nonspecialized
23,031,Nonspecialized
24,001,Nonspecialized
24,003,Government
24,005,Service
24,009,Nonspecialized
24,011,Nonspecialized
24,013,Nonspecialized
24,015,Nonspecialized
24,017,Government
24,019,Manufacturing
24,021,Service
24,023,Nonspecialized
24,025,Government
24,027,Service
24,029,Nonspecialized
24,031,Service
24,033,Government
24,035,Nonspecialized
24,037,Government
24,039,Government
24,041,Service
24,043,Nonspecialized
24,045,Nonspecialized
24,047,Service
24,510,Service
25,001,Service
25,003,Service
25,005,Manufacturing
25,007,Service
25,009,Manufacturing
25,011,Manufacturing
25,013,Service
25,015,Government
25,017,Service
25,019,Service
25,021,Service
25,023,Service
25,025,Service
25,027,Nonspecialized
26,001,Nonspecialized
26,003,Manufacturing
26,005,Manufacturing
26,007,Manufacturing
26,009,Manufacturing
26,011,Nonspecialized
26,013,Manufacturing
26,015,Manufacturing
26,017,Manufacturing
26,019,Service
26,021,Manufacturing
26,023,Manufacturing
26,025,Manufacturing
26,027,Manufacturing
26,029,Manufacturing
26,031,Service
26,033,Government
26,035,Nonspecialized
26,037,Nonspecialized
26,039,Nonspecialized
26,041,Manufacturing
26,043,Manufacturing
26,045,Service
26,047,Service
26,049,Manufacturing
26,051,Manufacturing
26,053,Nonspecialized
26,055,Service
26,057,Nonspecialized
26,059,Manufacturing
26,061,Government
26,063,Manufacturing
26,065,Government
26,067,Manufacturing
26,069,Nonspecialized
26,071,Nonspecialized
26,073,Government
26,075,Manufacturing
26,077,Manufacturing
26,079,Mining
26,081,Manufacturing
26,083,Government
26,085,Nonspecialized
26,087,Manufacturing
26,089,Nonspecialized
26,091,Manufacturing
26,093,Manufacturing
26,095,Government
26,097,Service
26,099,Manufacturing
26,101,Manufacturing
26,103,Nonspecialized
26,105,Manufacturing
26,107,Government
26,109,Manufacturing
26,111,Manufacturing
26,113,Nonspecialized
26,115,Manufacturing
26,117,Manufacturing
26,119,Nonspecialized
26,121,Manufacturing
26,123,Manufacturing
26,125,Service
26,127,Nonspecialized
26,129,Nonspecialized
26,131,Manufacturing
26,133,Manufacturing
26,135,Manufacturing
26,137,Nonspecialized
26,139,Manufacturing
26,141,Mining
26,143,Service
26,145,Manufacturing
26,147,Manufacturing
26,149,Manufacturing
26,151,Manufacturing
26,153,Nonspecialized
26,155,Nonspecialized
26,157,Nonspecialized
26,159,Manufacturing
26,161,Government
26,163,Manufacturing
26,165,Manufacturing
27,001,Nonspecialized
27,003,Manufacturing
27,005,Nonspecialized
27,007,Nonspecialized
27,009,Manufacturing
27,011,Nonspecialized
27,013,Nonspecialized
27,015,Manufacturing
27,017,Manufacturing
27,019,Manufacturing
27,021,Nonspecialized
27,023,Nonspecialized
27,025,Nonspecialized
27,027,Nonspecialized
27,029,Nonspecialized
27,031,Nonspecialized
27,033,Nonspecialized
27,035,Nonspecialized
27,037,Nonspecialized
27,039,Manufacturing
27,041,Nonspecialized
27,043,Manufacturing
27,045,Nonspecialized
27,047,Manufacturing
27,049,Manufacturing
27,051,Nonspecialized
27,053,Service
27,055,Nonspecialized
27,057,Nonspecialized
27,059,Nonspecialized
27,061,Nonspecialized
27,063,Nonspecialized
27,065,Nonspecialized
27,067,Nonspecialized
27,069,Farming
27,071,Manufacturing
27,073,Farming
27,075,Mining
27,077,Manufacturing
27,079,Manufacturing
27,081,Farming
27,083,Manufacturing
27,085,Manufacturing
27,087,Nonspecialized
27,089,Farming
27,091,Nonspecialized
27,093,Nonspecialized
27,095,Nonspecialized
27,097,Nonspecialized
27,099,Manufacturing
27,101,Farming
27,103,Manufacturing
27,105,Nonspecialized
27,107,Farming
27,109,Service
27,111,Nonspecialized
27,113,Nonspecialized
27,115,Nonspecialized
27,117,Nonspecialized
27,119,Nonspecialized
27,121,Nonspecialized
27,123,Nonspecialized
27,125,Farming
27,127,Nonspecialized
27,129,Farming
27,131,Manufacturing
27,133,Farming
27,135,Manufacturing
27,137,Nonspecialized
27,139,Manufacturing
27,141,Nonspecialized
27,143,Nonspecialized
27,145,Nonspecialized
27,147,Manufacturing
27,149,Government
27,151,Nonspecialized
27,153,Manufacturing
27,155,Farming
27,157,Manufacturing
27,159,Nonspecialized
27,161,Manufacturing
27,163,Manufacturing
27,165,Manufacturing
27,167,Nonspecialized
27,169,Manufacturing
27,171,Nonspecialized
27,173,Nonspecialized
28,001,Nonspecialized
28,003,Manufacturing
28,005,Manufacturing
28,007,Nonspecialized
28,009,Manufacturing
28,011,Nonspecialized
28,013,Manufacturing
28,015,Nonspecialized
28,017,Manufacturing
28,019,Manufacturing
28,021,Government
28,023,Manufacturing
28,025,Manufacturing
28,027,Service
28,029,Manufacturing
28,031,Nonspecialized
28,033,Manufacturing
28,035,Government
28,037,Nonspecialized
28,039,Nonspecialized
28,041,Government
28,043,Manufacturing
28,045,Government
28,047,Government
28,049,Government
28,051,Nonspecialized
28,053,Farming
28,055,Farming
28,057,Manufacturing
28,059,Manufacturing
28,061,Manufacturing
28,063,Nonspecialized
28,065,Nonspecialized
28,067,Manufacturing
28,069,Nonspecialized
28,071,Government
28,073,Service
28,075,Government
28,077,Manufacturing
28,079,Farming
28,081,Manufacturing
28,083,Nonspecialized
28,085,Nonspecialized
28,087,Government
28,089,Service
28,091,Nonspecialized
28,093,Manufacturing
28,095,Manufacturing
28,097,Nonspecialized
28,099,Nonspecialized
28,101,Farming
28,103,Manufacturing
28,105,Government
28,107,Manufacturing
28,109,Service
28,111,Manufacturing
28,113,Nonspecialized
28,115,Manufacturing
28,117,Manufacturing
28,119,Nonspecialized
28,121,Nonspecialized
28,123,Farming
28,125,Farming
28,127,Farming
28,129,Farming
28,131,Manufacturing
28,133,Government
28,135,Nonspecialized
28,137,Manufacturing
28,139,Manufacturing
28,141,Manufacturing
28,143,Service
28,145,Manufacturing
28,147,Farming
28,149,Government
28,151,Nonspecialized
28,153,Nonspecialized
28,155,Manufacturing
28,157,Nonspecialized
28,159,Manufacturing
28,161,Manufacturing
28,163,Manufacturing
29,001,Government
29,003,Nonspecialized
29,005,Nonspecialized
29,007,Manufacturing
29,009,Manufacturing
29,011,Manufacturing
29,013,Nonspecialized
29,015,Nonspecialized
29,017,Nonspecialized
29,019,Government
29,021,Nonspecialized
29,023,Nonspecialized
29,025,Nonspecialized
29,027,Government
29,029,Service
29,031,Nonspecialized
29,033,Nonspecialized
29,035,Nonspecialized
29,037,Nonspecialized
29,039,Nonspecialized
29,041,Nonspecialized
29,043,Nonspecialized
29,045,Nonspecialized
29,047,Manufacturing
29,049,Service
29,051,Government
29,053,Nonspecialized
29,055,Manufacturing
29,057,Nonspecialized
29,059,Nonspecialized
29,061,Nonspecialized
29,063,Government
29,065,Nonspecialized
29,067,Manufacturing
29,069,Nonspecialized
29,071,Manufacturing
29,073,Manufacturing
29,075,Nonspecialized
29,077,Service
29,079,Manufacturing
29,081,Service
29,083,Nonspecialized
29,085,Nonspecialized
29,087,Farming
29,089,Nonspecialized
29,091,Nonspecialized
29,093,Mining
29,095,Service
29,097,Manufacturing
29,099,Nonspecialized
29,101,Government
29,103,Nonspecialized
29,105,Manufacturing
29,107,Nonspecialized
29,109,Nonspecialized
29,111,Nonspecialized
29,113,Nonspecialized
29,115,Manufacturing
29,117,Nonspecialized
29,119,Manufacturing
29,121,Nonspecialized
29,123,Nonspecialized
29,125,Nonspecialized
29,127,Manufacturing
29,129,Farming
29,131,Nonspecialized
29,133,Nonspecialized
29,135,Manufacturing
29,137,Manufacturing
29,139,Nonspecialized
29,141,Nonspecialized
29,143,Manufacturing
29,145,Manufacturing
29,147,Government
29,149,Nonspecialized
29,151,Manufacturing
29,153,Nonspecialized
29,155,Nonspecialized
29,157,Manufacturing
29,159,Manufacturing
29,161,Government
29,163,Nonspecialized
29,165,Nonspecialized
29,167,Service
29,169,Government
29,171,Farming
29,173,Manufacturing
29,175,Nonspecialized
29,177,Nonspecialized
29,179,Mining
29,181,Nonspecialized
29,183,Nonspecialized
29,185,Nonspecialized
29,186,Manufacturing
29,187,Nonspecialized
29,189,Service
29,195,Manufacturing
29,197,Nonspecialized
29,199,Farming
29,201,Nonspecialized
29,203,Manufacturing
29,205,Manufacturing
29,207,Nonspecialized
29,209,Service
29,211,Farming
29,213,Service
29,215,Nonspecialized
29,217,Nonspecialized
29,219,Manufacturing
29,221,Nonspecialized
29,223,Nonspecialized
29,225,Manufacturing
29,227,Farming
29,229,Nonspecialized
29,510,Service
30,001,Government
30,003,Mining
30,005,Farming
30,007,Nonspecialized
30,009,Service
30,011,Farming
30,013,Government
30,015,Farming
30,017,Government
30,019,Farming
30,021,Nonspecialized
30,023,Government
30,025,Farming
30,027,Nonspecialized
30,029,Service
30,031,Government
30,033,Farming
30,035,Government
30,037,Farming
30,039,Farming
30,041,Nonspecialized
30,043,Mining
30,045,Farming
30,047,Nonspecialized
30,049,Government
30,051,Farming
30,053,Government
30,055,Farming
30,057,Farming
30,059,Farming
30,061,Government
30,063,Service
30,065,Farming
30,067,Service
30,069,Farming
30,071,Farming
30,073,Farming
30,075,Farming
30,077,Government
30,079,Farming
30,081,Nonspecialized
30,083,Nonspecialized
30,085,Nonspecialized
30,087,Mining
30,089,Nonspecialized
30,091,Farming
30,093,Service
30,095,Mining
30,097,Farming
30,099,Farming
30,101,Nonspecialized
30,103,Farming
30,105,Farming
30,107,Farming
30,109,Farming
30,111,Service
31,001,Nonspecialized
31,003,Farming
31,005,Farming
31,007,Farming
31,009,Farming
31,011,Farming
31,013,Nonspecialized
31,015,Farming
31,017,Farming
31,019,Nonspecialized
31,021,Farming
31,023,Farming
31,025,Nonspecialized
31,027,Farming
31,029,Farming
31,031,Farming
31,033,Nonspecialized
31,035,Farming
31,037,Farming
31,039,Farming
31,041,Farming
31,043,Manufacturing
31,045,Government
31,047,Manufacturing
31,049,Farming
31,051,Farming
31,053,Nonspecialized
31,055,Service
31,057,Farming
31,059,Farming
31,061,Farming
31,063,Farming
31,065,Farming
31,067,Nonspecialized
31,069,Farming
31,071,Farming
31,073,Farming
31,075,Farming
31,077,Farming
31,079,Manufacturing
31,081,Farming
31,083,Farming
31,085,Farming
31,087,Farming
31,089,Farming
31,091,Farming
31,093,Farming
31,095,Nonspecialized
31,097,Nonspecialized
31,099,Farming
31,101,Nonspecialized
31,103,Farming
31,105,Nonspecialized
31,107,Farming
31,109,Nonspecialized
31,111,Nonspecialized
31,113,Farming
31,115,Farming
31,117,Farming
31,119,Nonspecialized
31,121,Farming
31,123,Farming
31,125,Farming
31,127,Nonspecialized
31,129,Farming
31,131,Nonspecialized
31,133,Farming
31,135,Farming
31,137,Farming
31,139,Farming
31,141,Manufacturing
31,143,Farming
31,145,Nonspecialized
31,147,Farming
31,149,Farming
31,151,Manufacturing
31,153,Government
31,155,Farming
31,157,Nonspecialized
31,159,Nonspecialized
31,161,Farming
31,163,Farming
31,165,Farming
31,167,Farming
31,169,Farming
31,171,Farming
31,173,Nonspecialized
31,175,Farming
31,177,Nonspecialized
31,179,Farming
31,181,Farming
31,183,Farming
31,185,Nonspecialized
32,001,Government
32,003,Service
32,005,Service
32,007,Nonspecialized
32,009,Mining
32,011,Farming
32,013,Mining
32,015,Mining
32,017,Government
32,019,Nonspecialized
32,021,Mining
32,023,Mining
32,027,Mining
32,029,Nonspecialized
32,031,Service
32,033,Government
32,510,Government
33,001,Service
33,003,Service
33,005,Service
33,007,Manufacturing
33,009,Service
33,011,Manufacturing
33,013,Service
33,015,Service
33,017,Manufacturing
33,019,Manufacturing
34,001,Service
34,003,Service
34,005,Service
34,007,Service
34,009,Service
34,011,Nonspecialized
34,013,Service
34,015,Nonspecialized
34,017,Service
34,019,Service
34,021,Government
34,023,Service
34,025,Service
34,027,Service
34,029,Service
34,031,Nonspecialized
34,033,Manufacturing
34,035,Nonspecialized
34,037,Service
34,039,Nonspecialized
34,041,Manufacturing
35,001,Government
35,003,Government
35,005,Farming
35,006,Government
35,007,Government
35,009,Government
35,011,Farming
35,013,Government
35,015,Mining
35,017,Mining
35,019,Nonspecialized
35,021,Farming
35,023,Nonspecialized
35,025,Mining
35,027,Service
35,028,Government
35,029,Nonspecialized
35,031,Government
35,033,Government
35,035,Government
35,037,Nonspecialized
35,039,Nonspecialized
35,041,Farming
35,043,Manufacturing
35,045,Mining
35,047,Government
35,049,Government
35,051,Government
35,053,Government
35,055,Service
35,057,Nonspecialized
35,059,Farming
35,061,Nonspecialized
36,001,Government
36,003,Nonspecialized
36,005,Service
36,007,Manufacturing
36,009,Nonspecialized
36,011,Nonspecialized
36,013,Manufacturing
36,015,Manufacturing
36,017,Manufacturing
36,019,Government
36,021,Nonspecialized
36,023,Nonspecialized
36,025,Manufacturing
36,027,Manufacturing
36,029,Nonspecialized
36,031,Government
36,033,Government
36,035,Nonspecialized
36,037,Nonspecialized
36,039,Government
36,041,Nonspecialized
36,043,Manufacturing
36,045,Government
36,047,Service
36,049,Manufacturing
36,051,Government
36,053,Service
36,055,Manufacturing
36,057,Manufacturing
36,059,Service
36,061,Service
36,063,Manufacturing
36,065,Service
36,067,Nonspecialized
36,069,Nonspecialized
36,071,Nonspecialized
36,073,Government
36,075,Nonspecialized
36,077,Service
36,079,Service
36,081,Service
36,083,Service
36,085,Service
36,087,Service
36,089,Government
36,091,Service
36,093,Service
36,095,Government
36,097,Nonspecialized
36,099,Manufacturing
36,101,Manufacturing
36,103,Service
36,105,Service
36,107,Manufacturing
36,109,Service
36,111,Service
36,113,Service
36,115,Manufacturing
36,117,Manufacturing
36,119,Service
36,121,Government
36,123,Nonspecialized
37,001,Manufacturing
37,003,Manufacturing
37,005,Farming
37,007,Manufacturing
37,009,Manufacturing
37,011,Nonspecialized
37,013,Manufacturing
37,015,Manufacturing
37,017,Manufacturing
37,019,Nonspecialized
37,021,Service
37,023,Manufacturing
37,025,Manufacturing
37,027,Manufacturing
37,029,Nonspecialized
37,031,Service
37,033,Government
37,035,Manufacturing
37,037,Manufacturing
37,039,Manufacturing
37,041,Nonspecialized
37,043,Nonspecialized
37,045,Manufacturing
37,047,Manufacturing
37,049,Government
37,051,Government
37,053,Nonspecialized
37,055,Service
37,057,Manufacturing
37,059,Manufacturing
37,061,Manufacturing
37,063,Manufacturing
37,065,Nonspecialized
37,067,Service
37,069,Nonspecialized
37,071,Manufacturing
37,073,Nonspecialized
37,075,Nonspecialized
37,077,Government
37,079,Farming
37,081,Nonspecialized
37,083,Nonspecialized
37,085,Nonspecialized
37,087,Nonspecialized
37,089,Manufacturing
37,091,Nonspecialized
37,093,Manufacturing
37,095,Government
37,097,Manufacturing
37,099,Government
37,101,Manufacturing
37,103,Farming
37,105,Manufacturing
37,107,Nonspecialized
37,109,Manufacturing
37,111,Manufacturing
37,113,Service
37,115,Nonspecialized
37,117,Manufacturing
37,119,Service
37,121,Nonspecialized
37,123,Manufacturing
37,125,Service
37,127,Manufacturing
37,129,Service
37,131,Farming
37,133,Government
37,135,Government
37,137,Nonspecialized
37,139,Government
37,141,Nonspecialized
37,143,Farming
37,145,Manufacturing
37,147,Nonspecialized
37,149,Service
37,151,Manufacturing
37,153,Manufacturing
37,155,Manufacturing
37,157,Manufacturing
37,159,Manufacturing
37,161,Manufacturing
37,163,Farming
37,165,Manufacturing
37,167,Manufacturing
37,169,Nonspecialized
37,171,Manufacturing
37,173,Service
37,175,Manufacturing
37,177,Government
37,179,Manufacturing
37,181,Manufacturing
37,183,Service
37,185,Nonspecialized
37,187,Nonspecialized
37,189,Government
37,191,Government
37,193,Manufacturing
37,195,Manufacturing
37,197,Manufacturing
37,199,Manufacturing
38,001,Service
38,003,Nonspecialized
38,005,Farming
38,007,Farming
38,009,Nonspecialized
38,011,Farming
38,013,Farming
38,015,Government
38,017,Service
38,019,Farming
38,021,Farming
38,023,Farming
38,025,Farming
38,027,Farming
38,029,Farming
38,031,Farming
38,033,Farming
38,035,Government
38,037,Farming
38,039,Farming
38,041,Farming
38,043,Farming
38,045,Farming
38,047,Farming
38,049,Farming
38,051,Farming
38,053,Farming
38,055,Nonspecialized
38,057,Mining
38,059,Nonspecialized
38,061,Farming
38,063,Farming
38,065,Farming
38,067,Farming
38,069,Farming
38,071,Service
38,073,Farming
38,075,Farming
38,077,Farming
38,079,Government
38,081,Farming
38,083,Farming
38,085,Government
38,087,Farming
38,089,Nonspecialized
38,091,Farming
38,093,Nonspecialized
38,095,Farming
38,097,Farming
38,099,Farming
38,101,Government
38,103,Farming
38,105,Nonspecialized
39,001,Nonspecialized
39,003,Manufacturing
39,005,Manufacturing
39,007,Manufacturing
39,009,Government
39,011,Manufacturing
39,013,Service
39,015,Nonspecialized
39,017,Nonspecialized
39,019,Manufacturing
39,021,Manufacturing
39,023,Manufacturing
39,025,Nonspecialized
39,027,Nonspecialized
39,029,Manufacturing
39,031,Manufacturing
39,033,Manufacturing
39,035,Service
39,037,Manufacturing
39,039,Manufacturing
39,041,Service
39,043,Manufacturing
39,045,Nonspecialized
39,047,Manufacturing
39,049,Service
39,051,Manufacturing
39,053,Nonspecialized
39,055,Manufacturing
39,057,Government
39,059,Nonspecialized
39,061,Service
39,063,Manufacturing
39,065,Manufacturing
39,067,Mining
39,069,Manufacturing
39,071,Manufacturing
39,073,Manufacturing
39,075,Manufacturing
39,077,Manufacturing
39,079,Manufacturing
39,081,Nonspecialized
39,083,Manufacturing
39,085,Manufacturing
39,087,Nonspecialized
39,089,Nonspecialized
39,091,Manufacturing
39,093,Manufacturing
39,095,Nonspecialized
39,097,Manufacturing
39,099,Service
39,101,Manufacturing
39,103,Manufacturing
39,105,Mining
39,107,Manufacturing
39,109,Manufacturing
39,111,Manufacturing
39,113,Manufacturing
39,115,Nonspecialized
39,117,Manufacturing
39,119,Nonspecialized
39,121,Government
39,123,Manufacturing
39,125,Manufacturing
39,127,Manufacturing
39,129,Manufacturing
39,131,Manufacturing
39,133,Manufacturing
39,135,Manufacturing
39,137,Manufacturing
39,139,Manufacturing
39,141,Manufacturing
39,143,Manufacturing
39,145,Nonspecialized
39,147,Manufacturing
39,149,Manufacturing
39,151,Manufacturing
39,153,Manufacturing
39,155,Manufacturing
39,157,Manufacturing
39,159,Manufacturing
39,161,Manufacturing
39,163,Manufacturing
39,165,Manufacturing
39,167,Manufacturing
39,169,Manufacturing
39,171,Manufacturing
39,173,Manufacturing
39,175,Manufacturing
40,001,Manufacturing
40,003,Farming
40,005,Government
40,007,Farming
40,009,Mining
40,011,Farming
40,013,Nonspecialized
40,015,Nonspecialized
40,017,Manufacturing
40,019,Mining
40,021,Government
40,023,Nonspecialized
40,025,Farming
40,027,Government
40,029,Nonspecialized
40,031,Government
40,033,Farming
40,035,Government
40,037,Manufacturing
40,039,Government
40,041,Nonspecialized
40,043,Farming
40,045,Farming
40,047,Government
40,049,Nonspecialized
40,051,Manufacturing
40,053,Farming
40,055,Farming
40,057,Farming
40,059,Farming
40,061,Nonspecialized
40,063,Nonspecialized
40,065,Government
40,067,Nonspecialized
40,069,Manufacturing
40,071,Manufacturing
40,073,Nonspecialized
40,075,Farming
40,077,Mining
40,079,Nonspecialized
40,081,Nonspecialized
40,083,Nonspecialized
40,085,Manufacturing
40,087,Nonspecialized
40,089,Manufacturing
40,091,Nonspecialized
40,093,Mining
40,095,Manufacturing
40,097,Manufacturing
40,099,Government
40,101,Nonspecialized
40,103,Manufacturing
40,105,Nonspecialized
40,107,Government
40,109,Government
40,111,Nonspecialized
40,113,Nonspecialized
40,115,Nonspecialized
40,117,Government
40,119,Government
40,121,Government
40,123,Nonspecialized
40,125,Nonspecialized
40,127,Nonspecialized
40,129,Farming
40,131,Manufacturing
40,133,Nonspecialized
40,135,Nonspecialized
40,137,Mining
40,139,Farming
40,141,Farming
40,143,Nonspecialized
40,145,Nonspecialized
40,147,Mining
40,149,Nonspecialized
40,151,Nonspecialized
40,153,Nonspecialized
41,001,Government
41,003,Manufacturing
41,005,Nonspecialized
41,007,Nonspecialized
41,009,Manufacturing
41,011,Nonspecialized
41,013,Manufacturing
41,015,Nonspecialized
41,017,Service
41,019,Manufacturing
41,021,Nonspecialized
41,023,Government
41,025,Farming
41,027,Nonspecialized
41,029,Service
41,031,Manufacturing
41,033,Service
41,035,Nonspecialized
41,037,Government
41,039,Nonspecialized
41,041,Nonspecialized
41,043,Manufacturing
41,045,Nonspecialized
41,047,Government
41,049,Farming
41,051,Service
41,053,Nonspecialized
41,055,Farming
41,057,Nonspecialized
41,059,Nonspecialized
41,061,Nonspecialized
41,063,Nonspecialized
41,065,Nonspecialized
41,067,Manufacturing
41,069,Farming
41,071,Nonspecialized
42,001,Manufacturing
42,003,Service
42,005,Nonspecialized
42,007,Nonspecialized
42,009,Manufacturing
42,011,Manufacturing
42,013,Nonspecialized
42,015,Manufacturing
42,017,Service
42,019,Manufacturing
42,021,Service
42,023,Manufacturing
42,025,Nonspecialized
42,027,Government
42,029,Service
42,031,Nonspecialized
42,033,Nonspecialized
42,035,Manufacturing
42,037,Manufacturing
42,039,Manufacturing
42,041,Service
42,043,Government
42,045,Service
42,047,Manufacturing
42,049,Manufacturing
42,051,Nonspecialized
42,053,Government
42,055,Manufacturing
42,057,Manufacturing
42,059,Mining
42,061,Government
42,063,Mining
42,065,Manufacturing
42,067,Manufacturing
42,069,Service
42,071,Manufacturing
42,073,Nonspecialized
42,075,Manufacturing
42,077,Manufacturing
42,079,Nonspecialized
42,081,Manufacturing
42,083,Manufacturing
42,085,Manufacturing
42,087,Manufacturing
42,089,Nonspecialized
42,091,Service
42,093,Service
42,095,Nonspecialized
42,097,Manufacturing
42,099,Nonspecialized
42,101,Service
42,103,Service
42,105,Nonspecialized
42,107,Manufacturing
42,109,Manufacturing
42,111,Nonspecialized
42,113,Nonspecialized
42,115,Nonspecialized
42,117,Manufacturing
42,119,Government
42,121,Manufacturing
42,123,Manufacturing
42,125,Nonspecialized
42,127,Service
42,129,Manufacturing
42,131,Manufacturing
42,133,Manufacturing
44,001,Nonspecialized
44,003,Service
44,005,Government
44,007,Service
44,009,Nonspecialized
45,001,Manufacturing
45,003,Manufacturing
45,005,Manufacturing
45,007,Manufacturing
45,009,Manufacturing
45,011,Manufacturing
45,013,Government
45,015,Manufacturing
45,017,Manufacturing
45,019,Government
45,021,Manufacturing
45,023,Manufacturing
45,025,Manufacturing
45,027,Nonspecialized
45,029,Nonspecialized
45,031,Manufacturing
45,033,Manufacturing
45,035,Manufacturing
45,037,Manufacturing
45,039,Manufacturing
45,041,Nonspecialized
45,043,Nonspecialized
45,045,Manufacturing
45,047,Manufacturing
45,049,Manufacturing
45,051,Service
45,053,Nonspecialized
45,055,Manufacturing
45,057,Manufacturing
45,059,Manufacturing
45,061,Government
45,063,Nonspecialized
45,065,Government
45,067,Manufacturing
45,069,Manufacturing
45,071,Manufacturing
45,073,Manufacturing
45,075,Manufacturing
45,077,Government
45,079,Government
45,081,Manufacturing
45,083,Manufacturing
45,085,Government
45,087,Manufacturing
45,089,Manufacturing
45,091,Nonspecialized
46,003,Farming
46,005,Nonspecialized
46,007,Farming
46,009,Farming
46,011,Government
46,013,Service
46,015,Farming
46,017,Farming
46,019,Nonspecialized
46,021,Farming
46,023,Farming
46,025,Farming
46,027,Government
46,029,Manufacturing
46,031,Farming
46,033,Government
46,035,Service
46,037,Farming
46,039,Farming
46,041,Government
46,043,Farming
46,045,Farming
46,047,Government
46,049,Farming
46,051,Farming
46,053,Farming
46,055,Farming
46,057,Farming
46,059,Farming
46,061,Farming
46,063,Farming
46,065,Government
46,067,Farming
46,069,Farming
46,071,Farming
46,073,Farming
46,075,Farming
46,077,Farming
46,079,Nonspecialized
46,081,Service
46,083,Farming
46,085,Farming
46,087,Farming
46,089,Farming
46,091,Farming
46,093,Government
46,095,Farming
46,097,Farming
46,099,Service
46,101,Farming
46,103,Government
46,105,Farming
46,107,Farming
46,109,Farming
46,111,Farming
46,113,Government
46,115,Farming
46,117,Farming
46,119,Farming
46,121,Government
46,123,Farming
46,125,Farming
46,127,Manufacturing
46,129,Service
46,135,Nonspecialized
46,137,Farming
47,001,Manufacturing
47,003,Manufacturing
47,005,Nonspecialized
47,007,Farming
47,009,Manufacturing
47,011,Manufacturing
47,013,Nonspecialized
47,015,Service
47,017,Manufacturing
47,019,Nonspecialized
47,021,Manufacturing
47,023,Nonspecialized
47,025,Manufacturing
47,027,Manufacturing
47,029,Manufacturing
47,031,Service
47,033,Manufacturing
47,035,Service
47,037,Service
47,039,Manufacturing
47,041,Manufacturing
47,043,Manufacturing
47,045,Manufacturing
47,047,Manufacturing
47,049,Nonspecialized
47,051,Manufacturing
47,053,Manufacturing
47,055,Manufacturing
47,057,Manufacturing
47,059,Manufacturing
47,061,Nonspecialized
47,063,Manufacturing
47,065,Service
47,067,Nonspecialized
47,069,Manufacturing
47,071,Manufacturing
47,073,Manufacturing
47,075,Manufacturing
47,077,Manufacturing
47,079,Manufacturing
47,081,Manufacturing
47,083,Service
47,085,Manufacturing
47,087,Manufacturing
47,089,Nonspecialized
47,091,Manufacturing
47,093,Service
47,095,Government
47,097,Manufacturing
47,099,Manufacturing
47,101,Manufacturing
47,103,Manufacturing
47,105,Manufacturing
47,107,Manufacturing
47,109,Manufacturing
47,111,Manufacturing
47,113,Manufacturing
47,115,Manufacturing
47,117,Manufacturing
47,119,Manufacturing
47,121,Manufacturing
47,123,Manufacturing
47,125,Nonspecialized
47,127,Government
47,129,Manufacturing
47,131,Manufacturing
47,133,Manufacturing
47,135,Manufacturing
47,137,Manufacturing
47,139,Nonspecialized
47,141,Manufacturing
47,143,Manufacturing
47,145,Service
47,147,Manufacturing
47,149,Manufacturing
47,151,Manufacturing
47,153,Manufacturing
47,155,Service
47,157,Service
47,159,Manufacturing
47,161,Government
47,163,Manufacturing
47,165,Manufacturing
47,167,Manufacturing
47,169,Manufacturing
47,171,Manufacturing
47,173,Manufacturing
47,175,Manufacturing
47,177,Manufacturing
47,179,Service
47,181,Manufacturing
47,183,Nonspecialized
47,185,Manufacturing
47,187,Service
47,189,Nonspecialized
48,001,Government
48,003,Mining
48,005,Manufacturing
48,007,Nonspecialized
48,009,Farming
48,011,Nonspecialized
48,013,Nonspecialized
48,015,Nonspecialized
48,017,Farming
48,019,Service
48,021,Nonspecialized
48,023,Nonspecialized
48,025,Government
48,027,Government
48,029,Government
48,031,Nonspecialized
48,033,Farming
48,035,Nonspecialized
48,037,Government
48,039,Manufacturing
48,041,Government
48,043,Government
48,045,Farming
48,047,Government
48,049,Manufacturing
48,051,Nonspecialized
48,053,Service
48,055,Service
48,057,Manufacturing
48,059,Nonspecialized
48,061,Nonspecialized
48,063,Farming
48,065,Manufacturing
48,067,Manufacturing
48,069,Farming
48,071,Manufacturing
48,073,Farming
48,075,Government
48,077,Nonspecialized
48,079,Farming
48,081,Mining
48,083,Nonspecialized
48,085,Service
48,087,Farming
48,089,Nonspecialized
48,091,Nonspecialized
48,093,Farming
48,095,Farming
48,097,Nonspecialized
48,099,Government
48,101,Nonspecialized
48,103,Mining
48,105,Mining
48,107,Farming
48,109,Mining
48,111,Farming
48,113,Service
48,115,Nonspecialized
48,117,Farming
48,119,Nonspecialized
48,121,Nonspecialized
48,123,Nonspecialized
48,125,Farming
48,127,Government
48,129,Farming
48,131,Mining
48,133,Nonspecialized
48,135,Nonspecialized
48,137,Farming
48,139,Manufacturing
48,141,Nonspecialized
48,143,Farming
48,145,Government
48,147,Government
48,149,Nonspecialized
48,151,Nonspecialized
48,153,Farming
48,155,Farming
48,157,Nonspecialized
48,159,Farming
48,161,Mining
48,163,Farming
48,165,Farming
48,167,Government
48,169,Mining
48,171,Service
48,173,Farming
48,175,Nonspecialized
48,177,Farming
48,179,Nonspecialized
48,181,Manufacturing
48,183,Nonspecialized
48,185,Manufacturing
48,187,Manufacturing
48,189,Farming
48,191,Farming
48,193,Nonspecialized
48,195,Farming
48,197,Manufacturing
48,199,Nonspecialized
48,201,Nonspecialized
48,203,Manufacturing
48,205,Farming
48,207,Nonspecialized
48,209,Nonspecialized
48,211,Farming
48,213,Service
48,215,Nonspecialized
48,217,Nonspecialized
48,219,Mining
48,221,Service
48,223,Nonspecialized
48,225,Nonspecialized
48,227,Government
48,229,Farming
48,231,Manufacturing
48,233,Manufacturing
48,235,Mining
48,237,Mining
48,239,Manufacturing
48,241,Manufacturing
48,243,Government
48,245,Nonspecialized
48,247,Government
48,249,Mining
48,251,Nonspecialized
48,253,Government
48,255,Government
48,257,Nonspecialized
48,259,Service
48,261,Farming
48,263,Farming
48,265,Service
48,267,Nonspecialized
48,269,Farming
48,271,Government
48,273,Government
48,275,Farming
48,277,Manufacturing
48,279,Farming
48,281,Nonspecialized
48,283,Government
48,285,Manufacturing
48,287,Nonspecialized
48,289,Mining
48,291,Nonspecialized
48,293,Government
48,295,Farming
48,297,Government
48,299,Service
48,301,Mining
48,303,Service
48,305,Farming
48,307,Nonspecialized
48,309,Service
48,311,Farming
48,313,Farming
48,315,Nonspecialized
48,317,Farming
48,319,Nonspecialized
48,321,Nonspecialized
48,323,Nonspecialized
48,325,Nonspecialized
48,327,Nonspecialized
48,329,Mining
48,331,Manufacturing
48,333,Farming
48,335,Government
48,337,Nonspecialized
48,339,Service
48,341,Manufacturing
48,343,Manufacturing
48,345,Farming
48,347,Nonspecialized
48,349,Nonspecialized
48,351,Manufacturing
48,353,Nonspecialized
48,355,Nonspecialized
48,357,Farming
48,359,Farming
48,361,Manufacturing
48,363,Nonspecialized
48,365,Nonspecialized
48,367,Nonspecialized
48,369,Farming
48,371,Mining
48,373,Nonspecialized
48,375,Service
48,377,Government
48,379,Nonspecialized
48,381,Nonspecialized
48,383,Mining
48,385,Nonspecialized
48,387,Manufacturing
48,389,Nonspecialized
48,391,Mining
48,393,Farming
48,395,Nonspecialized
48,397,Service
48,399,Manufacturing
48,401,Nonspecialized
48,403,Manufacturing
48,405,Nonspecialized
48,407,Nonspecialized
48,409,Government
48,411,Government
48,413,Mining
48,415,Mining
48,417,Mining
48,419,Farming
48,421,Farming
48,423,Service
48,425,Nonspecialized
48,427,Nonspecialized
48,429,Mining
48,431,Farming
48,433,Mining
48,435,Mining
48,437,Farming
48,439,Nonspecialized
48,441,Government
48,443,Farming
48,445,Farming
48,447,Farming
48,449,Manufacturing
48,451,Government
48,453,Nonspecialized
48,455,Nonspecialized
48,457,Government
48,459,Nonspecialized
48,461,Mining
48,463,Nonspecialized
48,465,Government
48,467,Nonspecialized
48,469,Nonspecialized
48,471,Government
48,473,Government
48,475,Mining
48,477,Nonspecialized
48,479,Nonspecialized
48,481,Nonspecialized
48,483,Farming
48,485,Government
48,487,Government
48,489,Nonspecialized
48,491,Nonspecialized
48,493,Nonspecialized
48,495,Mining
48,497,Nonspecialized
48,499,Nonspecialized
48,501,Mining
48,503,Mining
48,505,Mining
48,507,Farming
49,001,Farming
49,003,Manufacturing
49,005,Manufacturing
49,007,Mining
49,009,Government
49,011,Government
49,013,Mining
49,015,Mining
49,017,Government
49,019,Service
49,021,Government
49,023,Nonspecialized
49,025,Service
49,027,Farming
49,029,Nonspecialized
49,031,Farming
49,033,Farming
49,035,Service
49,037,Government
49,039,Government
49,041,Nonspecialized
49,043,Service
49,045,Government
49,047,Mining
49,049,Service
49,051,Nonspecialized
49,053,Service
49,055,Government
49,057,Government
50,001,Service
50,003,Manufacturing
50,005,Nonspecialized
50,007,Nonspecialized
50,009,Manufacturing
50,011,Nonspecialized
50,013,Nonspecialized
50,015,Service
50,017,Nonspecialized
50,019,Nonspecialized
50,021,Nonspecialized
50,023,Government
50,025,Nonspecialized
50,027,Nonspecialized
51,001,Government
51,003,Government
51,005,Manufacturing
51,007,Nonspecialized
51,009,Government
51,011,Manufacturing
51,013,Government
51,015,Manufacturing
51,017,Service
51,019,Manufacturing
51,021,Manufacturing
51,023,Nonspecialized
51,025,Government
51,027,Mining
51,029,Government
51,031,Manufacturing
51,033,Nonspecialized
51,035,Manufacturing
51,036,Nonspecialized
51,037,Manufacturing
51,041,Nonspecialized
51,043,Manufacturing
51,045,Nonspecialized
51,047,Nonspecialized
51,049,Nonspecialized
51,051,Mining
51,053,Government
51,057,Manufacturing
51,059,Service
51,061,Service
51,063,Nonspecialized
51,065,Nonspecialized
51,067,Manufacturing
51,069,Manufacturing
51,071,Manufacturing
51,073,Nonspecialized
51,075,Service
51,077,Manufacturing
51,079,Manufacturing
51,081,Manufacturing
51,083,Manufacturing
51,085,Nonspecialized
51,087,Service
51,089,Manufacturing
51,091,Manufacturing
51,093,Manufacturing
51,095,Government
51,097,Government
51,099,Government
51,101,Manufacturing
51,103,Service
51,105,Nonspecialized
51,107,Service
51,109,Nonspecialized
51,111,Government
51,113,Nonspecialized
51,115,Nonspecialized
51,117,Manufacturing
51,119,Nonspecialized
51,121,Government
51,125,Nonspecialized
51,127,Service
51,131,Nonspecialized
51,133,Manufacturing
51,135,Government
51,137,Nonspecialized
51,139,Manufacturing
51,141,Manufacturing
51,143,Manufacturing
51,145,Government
51,147,Government
51,149,Government
51,153,Nonspecialized
51,155,Manufacturing
51,157,Service
51,159,Government
51,161,Nonspecialized
51,163,Manufacturing
51,165,Manufacturing
51,167,Nonspecialized
51,169,Nonspecialized
51,171,Manufacturing
51,173,Manufacturing
51,175,Government
51,177,Service
51,179,Government
51,181,Nonspecialized
51,183,Government
51,185,Nonspecialized
51,187,Nonspecialized
51,191,Manufacturing
51,193,Nonspecialized
51,195,Mining
51,197,Nonspecialized
51,199,Government
51,510,Government
51,515,Manufacturing
51,520,Manufacturing
51,530,Manufacturing
51,540,Government
51,550,Nonspecialized
51,560,Manufacturing
51,570,Government
51,580,Manufacturing
51,590,Manufacturing
51,595,Manufacturing
51,600,Service
51,610,Service
51,620,Government
51,630,Service
51,640,Manufacturing
51,650,Government
51,660,Manufacturing
51,670,Government
51,678,Manufacturing
51,680,Manufacturing
51,683,Nonspecialized
51,685,Nonspecialized
51,690,Manufacturing
51,700,Manufacturing
51,710,Government
51,720,Mining
51,730,Government
51,735,Government
51,740,Government
51,750,Government
51,760,Government
51,770,Service
51,775,Nonspecialized
51,790,Manufacturing
51,800,Nonspecialized
51,810,Government
51,820,Manufacturing
51,830,Government
51,840,Manufacturing
53,001,Farming
53,003,Service
53,005,Nonspecialized
53,007,Nonspecialized
53,009,Nonspecialized
53,011,Nonspecialized
53,013,Nonspecialized
53,015,Manufacturing
53,017,Nonspecialized
53,019,Mining
53,021,Farming
53,023,Farming
53,025,Farming
53,027,Nonspecialized
53,029,Government
53,031,Nonspecialized
53,033,Service
53,035,Government
53,037,Government
53,039,Manufacturing
53,041,Nonspecialized
53,043,Nonspecialized
53,045,Nonspecialized
53,047,Nonspecialized
53,049,Nonspecialized
53,051,Manufacturing
53,053,Government
53,055,Service
53,057,Nonspecialized
53,059,Government
53,061,Manufacturing
53,063,Service
53,065,Manufacturing
53,067,Government
53,069,Manufacturing
53,071,Nonspecialized
53,073,Nonspecialized
53,075,Government
53,077,Nonspecialized
54,001,Nonspecialized
54,003,Government
54,005,Mining
54,007,Nonspecialized
54,009,Manufacturing
54,011,Service
54,013,Mining
54,015,Mining
54,017,Nonspecialized
54,019,Nonspecialized
54,021,Mining
54,023,Nonspecialized
54,025,Service
54,027,Nonspecialized
54,029,Manufacturing
54,031,Manufacturing
54,033,Government
54,035,Manufacturing
54,037,Government
54,039,Service
54,041,Government
54,043,Mining
54,045,Mining
54,047,Mining
54,049,Nonspecialized
54,051,Manufacturing
54,053,Nonspecialized
54,055,Service
54,057,Nonspecialized
54,059,Mining
54,061,Government
54,063,Government
54,065,Nonspecialized
54,067,Mining
54,069,Service
54,071,Government
54,073,Manufacturing
54,075,Nonspecialized
54,077,Nonspecialized
54,079,Nonspecialized
54,081,Service
54,083,Service
54,085,Manufacturing
54,087,Mining
54,089,Nonspecialized
54,091,Manufacturing
54,093,Nonspecialized
54,095,Manufacturing
54,097,Nonspecialized
54,099,Government
54,101,Mining
54,103,Nonspecialized
54,105,Nonspecialized
54,107,Manufacturing
54,109,Mining
55,001,Government
55,003,Nonspecialized
55,005,Manufacturing
55,007,Nonspecialized
55,009,Nonspecialized
55,011,Nonspecialized
55,013,Manufacturing
55,015,Manufacturing
55,017,Manufacturing
55,019,Farming
55,021,Manufacturing
55,023,Manufacturing
55,025,Government
55,027,Manufacturing
55,029,Service
55,031,Nonspecialized
55,033,Nonspecialized
55,035,Service
55,037,Nonspecialized
55,039,Manufacturing
55,041,Nonspecialized
55,043,Nonspecialized
55,045,Nonspecialized
55,047,Nonspecialized
55,049,Service
55,051,Nonspecialized
55,053,Nonspecialized
55,055,Manufacturing
55,057,Manufacturing
55,059,Manufacturing
55,061,Manufacturing
55,063,Nonspecialized
55,065,Farming
55,067,Nonspecialized
55,069,Manufacturing
55,071,Manufacturing
55,073,Manufacturing
55,075,Manufacturing
55,077,Manufacturing
55,078,Nonspecialized
55,079,Service
55,081,Government
55,083,Manufacturing
55,085,Service
55,087,Manufacturing
55,089,Manufacturing
55,091,Nonspecialized
55,093,Nonspecialized
55,095,Manufacturing
55,097,Nonspecialized
55,099,Manufacturing
55,101,Manufacturing
55,103,Manufacturing
55,105,Manufacturing
55,107,Manufacturing
55,109,Manufacturing
55,111,Nonspecialized
55,113,Nonspecialized
55,115,Nonspecialized
55,117,Manufacturing
55,119,Manufacturing
55,121,Manufacturing
55,123,Nonspecialized
55,125,Nonspecialized
55,127,Manufacturing
55,129,Nonspecialized
55,131,Manufacturing
55,133,Manufacturing
55,135,Manufacturing
55,137,Nonspecialized
55,139,Manufacturing
55,141,Manufacturing
56,001,Government
56,003,Mining
56,005,Mining
56,007,Nonspecialized
56,009,Mining
56,011,Nonspecialized
56,013,Nonspecialized
56,015,Farming
56,017,Nonspecialized
56,019,Nonspecialized
56,021,Government
56,023,Nonspecialized
56,025,Mining
56,027,Farming
56,029,Nonspecialized
56,031,Nonspecialized
56,033,Nonspecialized
56,035,Mining
56,037,Mining
56,039,Service
56,041,Mining
56,043,Nonspecialized
56,045,Mining
